Employee ID,First Name,Last Name,Email,Phone Number,Address,Job Title,Salary,Date of Birth,SSN,Hire Date
1,Joseph,Hughes,damon48@example.com,001-947-774-7329,"1324 Park Haven, Christopherland, MD 10053",Financial controller,130837,1969-05-05,XXX-XX-7682,2020-09-10
2,Patrick,Lee,zvaldez@example.com,001-945-922-2722x9185,"2680 Joseph Knolls Apt. 721, Johnburgh, ME 54159",Mining engineer,56708,1999-02-26,XXX-XX-6701,2024-08-26
3,Bruce,Butler,aevans@example.net,891.859.1727x3720,"USS Walsh, FPO AA 43830",Astronomer,46370,1969-04-04,XXX-XX-0882,2017-09-14
4,Andres,York,joshua76@example.com,(346)320-9923,"848 Garza Junctions, New Maureenfort, NM 75272",Paediatric nurse,107467,1978-06-28,XXX-XX-0537,2018-09-15
5,Eileen,Hernandez,ucarroll@example.org,(720)932-3544,"80145 Haley Corner, Port Chelsea, NH 65107",Textile designer,139911,1995-09-19,XXX-XX-4695,2021-02-11
6,Kayla,Best,dwilliams@example.net,758-212-6111x43771,"3082 Jones Pike Apt. 606, East Lindastad, OR 73428",Technical brewer,149339,1995-02-22,XXX-XX-4485,2024-01-05
7,Olivia,Wyatt,mirandamedina@example.org,9363088341,"1365 Ferguson Road, Lake Stephanieview, WA 92004",Corporate investment banker,107698,1975-08-06,XXX-XX-5277,2018-01-31
8,Donna,Parker,angela31@example.net,785.457.2610x67672,"886 Mata Camp Apt. 623, Nathanielshire, DC 67182","Programme researcher, broadcasting/film/video",46177,2001-02-07,XXX-XX-1533,2024-07-26
9,Yolanda,Baker,matthew89@example.net,977-810-2809x67342,"16129 Hill Roads Apt. 979, Port Cindy, PW 68706",Chief Executive Officer,126395,1962-06-06,XXX-XX-8646,2021-07-26
10,Brittany,Wells,joel06@example.net,707-631-6434x5491,"1875 James Gardens Suite 922, Waltersmouth, MD 73783",Community development worker,42548,1996-07-18,XXX-XX-4466,2016-11-05
11,Erin,Jordan,echandler@example.org,3098320100,"185 Campos Keys, South Lauratown, MP 40812",Rural practice surveyor,107577,1960-06-17,XXX-XX-3450,2015-08-01
12,James,Bell,johnsonlaura@example.com,698-768-1050x3207,"00392 Allen Ranch, Katieville, SC 08488",Cytogeneticist,103020,1996-08-25,XXX-XX-3315,2015-07-01
13,Juan,Cordova,marygibson@example.org,717-877-0925x995,"9403 Christine Burg Suite 154, North Emily, OR 65246",Exhibition designer,147966,1988-01-01,XXX-XX-8910,2017-07-27
14,Amanda,Lowe,annejones@example.com,237-922-4747,"5938 Padilla Lakes Suite 611, Courtneystad, IA 22082","Nurse, learning disability",32996,2003-11-21,XXX-XX-1513,2021-07-25
15,Rebecca,Ortega,justin44@example.org,001-584-583-5868,"24618 Russell Mountain, Port Danielle, WY 25494","Producer, radio",94353,1980-05-09,XXX-XX-9428,2015-12-07
16,Cody,Cox,hardinjames@example.net,533.621.9713,"531 Thompson Square Suite 055, Brucemouth, NY 84073","Radiographer, diagnostic",88079,1967-03-27,XXX-XX-6518,2015-06-17
17,Emily,Ruiz,boylerobert@example.net,545-861-7890,"412 Melissa Squares, North Amanda, UT 20011",Product designer,73712,1995-02-03,XXX-XX-5760,2022-01-05
18,Thomas,Moore,nsolis@example.net,950.528.2129,"148 Murray Ranch, Port Shawnville, NE 74159","Runner, broadcasting/film/video",114891,1968-09-06,XXX-XX-5085,2024-04-24
19,Elizabeth,Jones,tyrone25@example.org,527-475-8196,"USNS Rojas, FPO AA 13285","Engineer, structural",149936,1960-07-15,XXX-XX-0388,2025-01-14
20,Michael,Wiggins,xbarnes@example.org,001-264-975-7838x9217,"Unit 6839 Box 4307, DPO AE 13114",Analytical chemist,101167,1996-01-07,XXX-XX-3614,2020-03-03
21,Antonio,Powers,velasquezkirk@example.org,(900)956-9973x529,"USNV Cox, FPO AP 43719",Chartered public finance accountant,120483,1972-06-12,XXX-XX-1152,2020-12-14
22,Tyler,Cruz,carlyoung@example.net,001-486-919-2802x573,"396 Garcia Groves Suite 665, Taylorville, MD 70028","Education officer, community",49566,1973-01-18,XXX-XX-1599,2016-03-17
23,Jonathan,Barrera,tpowers@example.net,868-967-1044,"17948 Powers Burg Suite 501, Webbhaven, NM 26298",Energy manager,113448,1975-06-10,XXX-XX-8078,2020-03-24
24,Amy,Garcia,jburke@example.org,001-725-300-1842x9686,"36472 Reese Freeway, New Amy, PA 85129","Accountant, chartered management",95589,2000-12-18,XXX-XX-3762,2016-03-03
25,Theresa,Frye,portertravis@example.org,(383)865-8805x00686,"7806 Jason Harbors, North April, NE 45713",Intelligence analyst,64164,1981-02-28,XXX-XX-4010,2018-08-03
26,Lisa,Weaver,alexlewis@example.com,+1-249-451-4080x69467,"85510 Nicolas Radial Apt. 509, West Mark, CA 74449",Manufacturing systems engineer,126992,1986-04-29,XXX-XX-6785,2018-11-21
27,Diana,Maldonado,ilopez@example.net,3649919987,"7299 Delgado Crossroad, Barbaraberg, MD 27634",Patent attorney,143461,1969-09-26,XXX-XX-4203,2023-12-06
28,Jared,Thomas,rayelizabeth@example.org,520-489-4232x25885,"90911 Vincent Prairie, Pagemouth, MS 59345","Surveyor, land/geomatics",133735,2001-08-10,XXX-XX-8118,2017-06-05
29,Ethan,Alvarado,lknight@example.net,771-592-2254x72242,"4105 Kristine Bypass Apt. 616, Timothyport, AK 86611","Engineer, aeronautical",87513,1998-11-27,XXX-XX-1032,2018-03-02
30,Rodney,Morris,krystalhodges@example.org,001-839-797-2473x548,"4218 Garcia Spur, Jasonmouth, MI 03924","Accountant, chartered",128269,1996-04-26,XXX-XX-1912,2024-05-08
31,Sarah,Gentry,jenny82@example.net,001-458-672-3168x6587,"866 Williams Hills Suite 848, Lake Lauren, NH 47279",Company secretary,64055,1988-08-21,XXX-XX-5755,2019-07-13
32,Terri,Bailey,anthonyelliott@example.org,489-255-1611,"538 Mendoza Ridge Suite 099, Woodshire, RI 54977",Radio producer,47571,2006-01-07,XXX-XX-3717,2023-11-18
33,Justin,Black,woodscolleen@example.com,(510)857-2632x6646,"21068 Reynolds Avenue Apt. 968, East Jamesland, PR 09628",Barista,51340,1963-03-05,XXX-XX-2049,2016-03-15
34,Kevin,Hudson,montoyalisa@example.net,838.266.9854x152,"Unit 2891 Box 4820, DPO AA 80957",Airline pilot,93791,1973-11-23,XXX-XX-6390,2016-11-12
35,Michael,Martinez,lindseyarias@example.com,(300)430-7505x85927,"084 Holly Points Apt. 388, South Michaelside, OH 37732",Product/process development scientist,101263,1974-07-10,XXX-XX-6304,2016-08-18
36,Christine,Cooper,dgonzalez@example.org,(920)239-0684,"496 Smith Pike, Scottmouth, SC 02783",Clinical molecular geneticist,85078,2001-02-05,XXX-XX-0640,2022-12-06
37,Heather,Clark,frederick98@example.com,264-896-6026,"PSC 7950, Box 3388, APO AA 49354",Travel agency manager,123365,1984-06-24,XXX-XX-7195,2020-11-22
38,Leah,Peters,richardreed@example.org,(571)720-6741,"1181 Rebecca Point Suite 872, East Michael, SC 48007","Producer, radio",123753,1978-07-22,XXX-XX-4086,2023-02-25
39,Kelly,Griffin,bergergeorge@example.net,975.801.4796,"8032 Melissa Tunnel, Port Edward, OH 48638",Chief Marketing Officer,112086,1984-05-04,XXX-XX-7938,2022-04-12
40,Samantha,Davis,justinnicholson@example.com,001-301-608-2252x6071,"28451 Taylor Cape, West Andrew, MT 28379",Operational researcher,53389,1993-11-11,XXX-XX-6644,2015-08-28
41,Nicole,Ross,garrisonerin@example.com,001-696-485-2161,"7394 Murray Locks, North Jenna, PW 82296",Learning mentor,91339,1987-09-24,XXX-XX-9961,2018-04-11
42,Ashley,Franco,hwood@example.net,761.461.2622x4517,"6503 Nicholas Mission, Martinland, AZ 52309",IT sales professional,60164,1967-07-16,XXX-XX-9194,2021-08-06
43,Jorge,Lopez,bramirez@example.com,967.992.5857,"21636 Young Loop, Alejandroshire, AK 99218",Chief Technology Officer,90377,1965-02-13,XXX-XX-6991,2017-04-29
44,Dave,Howell,claire99@example.net,238-630-6655x51919,"1497 Peterson Common Suite 756, Port Michael, WA 49693","Librarian, academic",41317,1984-01-14,XXX-XX-7278,2016-06-23
45,Donna,Hoover,stephaniegonzalez@example.net,627-845-0303x0555,"13541 Marisa Plaza Apt. 021, East Monica, HI 74272","Scientist, biomedical",32926,1999-03-01,XXX-XX-1737,2017-10-17
46,Bryan,Lewis,robert58@example.com,364-649-7399x407,"599 Nathan Fords, New Mathewstad, VA 95340",Research scientist (medical),87399,1970-06-06,XXX-XX-5911,2024-09-23
47,Susan,Mahoney,kendra99@example.org,733-752-3932,"5245 Mario Roads, Robertton, OH 82089","Clinical scientist, histocompatibility and immunogenetics",34014,2000-07-09,XXX-XX-9087,2021-09-17
48,Richard,Gonzales,amandahughes@example.org,+1-732-971-9244x42215,"651 Heather Center, West Dianatown, HI 62664",Television camera operator,44268,1995-11-16,XXX-XX-8291,2024-03-06
49,Matthew,Keith,hudsonashley@example.org,(911)549-6120x2531,"8273 Cook Stream, South Eugene, RI 34106","Engineer, broadcasting (operations)",110865,1998-03-18,XXX-XX-4544,2015-07-24
50,Brian,Johnson,frank15@example.net,+1-421-474-5188x4317,"8563 Bentley Meadows Apt. 561, Lake Stephanie, CA 63668",Higher education careers adviser,36329,1961-02-28,XXX-XX-5103,2020-08-13
51,James,Thomas,donald82@example.net,+1-582-603-7369x07572,"USNS Ramirez, FPO AE 13185","Radiographer, diagnostic",95072,1978-08-28,XXX-XX-0338,2016-12-15
52,Crystal,Rivera,stephanie75@example.net,(575)925-8361,"Unit 0884 Box 0776, DPO AA 17986",Audiological scientist,122831,1976-02-15,XXX-XX-9104,2019-09-11
53,Andre,Taylor,upowers@example.com,(562)332-5084x222,"8329 Richards Orchard, Chaseshire, MN 77944","Designer, multimedia",52365,1989-07-14,XXX-XX-2033,2017-12-22
54,Kristin,Campbell,jodymoore@example.net,001-203-837-4178x21339,"541 Gregory Ford, South Ann, MS 26122",Commercial/residential surveyor,131069,1991-03-16,XXX-XX-5917,2015-02-20
55,Yvonne,Jones,eduardograves@example.com,+1-618-987-3137x038,"13455 Tracey Rue Suite 746, Port Cindy, CA 12868",Broadcast engineer,84131,1975-04-18,XXX-XX-9693,2023-11-17
56,Eric,Dillon,jesseking@example.com,(431)629-0374x050,"11320 Christian Divide, Melaniemouth, OR 15520",Homeopath,132231,1968-12-01,XXX-XX-1344,2016-08-27
57,Cassie,Hurst,allisongonzalez@example.org,+1-365-500-4316,"58954 Maria Vista, Larafort, PA 38013",Magazine journalist,127146,1978-06-01,XXX-XX-5632,2017-07-01
58,Dennis,Hall,crystal19@example.com,001-886-550-5625x3701,"57094 Cynthia Circles Apt. 214, South David, MH 70057",Geographical information systems officer,114771,1972-03-23,XXX-XX-2990,2024-06-01
59,Joseph,Schwartz,michael66@example.org,506-680-1993x14708,"727 York Ways, Jeanettechester, PA 39865",General practice doctor,123371,1961-07-30,XXX-XX-5129,2018-05-21
60,Paul,Myers,ddean@example.com,(365)322-1541x94299,"98028 Pacheco Meadow Apt. 292, Hallmouth, FM 68771",Sports coach,63851,2004-02-03,XXX-XX-4900,2021-08-10
61,Christopher,Garrett,jennifer67@example.com,+1-486-351-8127,"53167 Kristi Ways Apt. 984, Cardenasfort, NE 40404","Engineer, site",120822,1976-08-18,XXX-XX-7116,2020-07-15
62,Travis,Mcgee,hponce@example.com,(324)566-7791,"062 Mark Drive Apt. 935, Lake Dorothystad, MS 57337",Cytogeneticist,87465,1960-06-14,XXX-XX-7710,2021-12-09
63,John,Cross,caguirre@example.org,(926)457-7113x2075,"70835 Ana Burgs, Martinside, DE 83660",Magazine journalist,76713,1988-12-15,XXX-XX-6400,2021-06-25
64,Shelby,Maddox,matthewslisa@example.net,(530)484-9315x8651,"30562 Bishop Vista, North Michael, GA 54508",Broadcast presenter,123110,1992-11-01,XXX-XX-1196,2020-01-24
65,Curtis,Johnson,thomasmartinez@example.org,8668660862,"75264 Jesse Green Suite 014, South Michaelland, MO 26084",Television/film/video producer,76929,2002-11-13,XXX-XX-6249,2020-04-26
66,Caroline,Cook,baileymontoya@example.net,(235)597-6379,"27252 Dawn Fork, West Kellyton, WA 30817",Geoscientist,115408,1960-11-25,XXX-XX-1258,2023-04-01
67,Dennis,Johnson,ikelly@example.com,(517)858-9697,"5115 Keith Tunnel, South Samanthaville, LA 18890",Music therapist,66850,1979-10-20,XXX-XX-0136,2021-11-16
68,Nancy,Carpenter,washingtonkevin@example.net,(406)431-3323,"680 Woods Trail Suite 489, New Michael, NM 86897","Education officer, community",109622,1997-08-13,XXX-XX-7102,2024-10-08
69,Dylan,Mays,turnerjohnny@example.org,673.841.7553,"3233 Alexander Road, South Alyssafurt, SD 08038",Armed forces logistics/support/administrative officer,58113,1975-09-04,XXX-XX-5888,2022-04-10
70,Jason,Snyder,aguilarbrittney@example.com,001-636-416-8957x045,"105 Brown Ports, Douglasberg, SD 06437","Nurse, children's",47783,2002-06-26,XXX-XX-4415,2019-08-05
71,Melody,Waller,cainbethany@example.org,8559574784,"6879 Lee Isle Apt. 692, Royfort, HI 45573","Engineer, materials",128104,1987-09-21,XXX-XX-2457,2023-12-27
72,Alan,Mcconnell,thancock@example.com,001-728-816-5681x97152,"Unit 6127 Box 8914, DPO AA 84893",Sport and exercise psychologist,45777,1998-12-31,XXX-XX-5378,2017-11-29
73,Frank,Johnson,jonesaudrey@example.com,523-917-9372x2139,"92010 Mckinney Unions, Jasonville, NE 74009",Chartered accountant,47648,1989-01-09,XXX-XX-2778,2019-11-29
74,Thomas,Phillips,thomasclark@example.com,+1-422-680-3689x2353,"6215 Mata Rest, Stacychester, VT 24554",Medical technical officer,73009,1980-11-30,XXX-XX-7617,2021-02-17
75,John,Davis,gwilliams@example.com,5954705493,"703 Rojas Rapids Apt. 422, Port Reginald, MT 98474",Associate Professor,41806,1984-03-29,XXX-XX-1539,2023-05-08
76,Jennifer,Anderson,lindseyjames@example.com,(200)321-0652,"383 Adam Overpass Apt. 636, New Coreyland, ND 42202","Engineer, broadcasting (operations)",96215,1986-01-11,XXX-XX-4756,2024-10-27
77,Mark,Camacho,stephenhorn@example.net,456.730.3588,"32489 Chelsea Burg, East Michellefurt, KS 47439",Corporate investment banker,120570,2004-11-01,XXX-XX-3090,2022-10-15
78,John,Caldwell,jwilliams@example.com,+1-613-946-0730x7425,"2737 Smith Shores Suite 136, Haysfurt, ME 91587",Seismic interpreter,98989,1982-09-25,XXX-XX-2978,2022-12-22
79,Nancy,Jackson,kyle13@example.org,+1-406-918-4363x655,"428 Vazquez Shoal, East Calvinborough, SD 56383","Editor, film/video",139628,1964-11-23,XXX-XX-6388,2024-01-30
80,Justin,Jacobs,jacksonjoshua@example.org,001-429-673-9554x4577,"9882 Robert Tunnel Suite 060, Gabriellebury, OK 75042",Arts development officer,147328,1983-05-05,XXX-XX-1008,2021-07-19
81,Jeremy,Chang,jackson37@example.com,651.675.4503x0234,"PSC 4060, Box 3693, APO AA 42684","Engineer, automotive",62104,1967-06-16,XXX-XX-0433,2019-03-15
82,Kari,Crane,johnstonjessica@example.net,+1-643-722-4778x449,"9039 Cynthia Forges Apt. 336, Markmouth, AS 35985",Copy,57686,1998-01-20,XXX-XX-2418,2019-09-16
83,Lynn,Johnson,kennethgarcia@example.org,268.887.4008x05289,"82111 Malik Union, New Scottside, MA 90716","Buyer, retail",70564,1998-11-23,XXX-XX-4400,2022-04-21
84,Tina,Morrison,fsanchez@example.net,001-317-711-3581x60524,"647 Hector Groves Apt. 588, South Jodi, DC 91275",Product manager,108962,1980-04-29,XXX-XX-5517,2020-11-05
85,Joshua,Carney,harrisonomar@example.com,2857560303,"87238 Alan Port Apt. 868, East Latoya, VA 10182",Charity fundraiser,91362,1970-11-23,XXX-XX-0817,2016-09-27
86,Jamie,Robinson,amy50@example.com,267-926-3236x012,"5080 Torres Crescent, Millsborough, NM 40508",Risk analyst,68519,1976-01-09,XXX-XX-7936,2021-09-29
87,Richard,Anderson,parkerjustin@example.net,245.396.0418,"496 Gonzalez Circle Apt. 210, East April, WV 53614",Multimedia specialist,100846,1983-02-15,XXX-XX-5334,2020-10-21
88,Jason,Jackson,philip66@example.com,959-614-7020x606,"41607 Katherine Harbor Apt. 396, West Madelineshire, NJ 84272",Banker,114911,1985-11-20,XXX-XX-3779,2022-03-16
89,Jessica,Rodriguez,rmiller@example.com,001-323-827-5124x3596,"8316 Nancy Forges, Parsonschester, DE 18993",Youth worker,96508,1966-02-21,XXX-XX-1746,2023-04-13
90,Daniel,Soto,zstewart@example.com,549-788-1844x020,"3073 Munoz Prairie Apt. 319, Port Sandrastad, MH 48316",Waste management officer,39834,1977-01-30,XXX-XX-1508,2016-05-25
91,Manuel,Larson,markbell@example.org,(238)766-3647x08298,"53052 Fowler Oval Apt. 551, South Michael, NJ 73733",Hydrogeologist,143410,1965-07-07,XXX-XX-0921,2015-09-22
92,Thomas,Mendoza,floreskyle@example.org,+1-964-239-0243x2520,"9490 Anderson Lock, Port Kristineside, NV 02536","Engineer, maintenance",86963,1993-01-17,XXX-XX-0332,2017-10-09
93,Michelle,Perry,meghanreyes@example.com,908.823.4957,"61282 Gibson Parkways Apt. 581, Port Joeview, OR 52803","Education officer, environmental",125967,1974-01-24,XXX-XX-0723,2018-03-20
94,Lisa,Robinson,ericasloan@example.com,359.381.9950,"491 Cheryl Forest Apt. 440, North Benjamin, PA 41816","Engineer, agricultural",46571,1990-03-17,XXX-XX-2253,2021-06-28
95,Matthew,Griffin,rogeroliver@example.net,773.994.0062x392,"052 Lisa Shoal Apt. 535, Williamschester, AS 47706",Artist,103047,1993-09-26,XXX-XX-8121,2015-10-31
96,Richard,Brady,michaeljohnson@example.net,+1-334-462-4964,"024 Melissa Villages Apt. 858, Paulfort, WY 53903",Nutritional therapist,142731,1995-01-22,XXX-XX-8526,2023-07-18
97,Deborah,Garcia,ithompson@example.com,+1-563-276-8810,"PSC 2551, Box 2299, APO AE 13665",Brewing technologist,142419,1975-10-24,XXX-XX-3583,2021-02-11
98,Brandon,Sexton,lori58@example.org,(989)881-7304,"0934 Thomas Rue, Lake Samantha, AL 74657","Conservation officer, nature",96275,1979-04-14,XXX-XX-1720,2015-04-10
99,Ian,Lowe,millercheryl@example.net,549-777-7465x387,"5407 Steven Camp Suite 564, Wongtown, LA 25657",Transport planner,55624,1967-09-17,XXX-XX-6325,2015-03-07
100,Amanda,Herman,jo29@example.org,4935317848,"05339 Jarvis Rapid, West Michael, MD 23454",Set designer,44012,1972-03-08,XXX-XX-9223,2020-08-21
